CHROM	POS	REF	ALT	all_inv_var_meta_p
1	3124634	T	C	4.22E-05
1	3796357	G	A	1.31E-05
1	3797119	G	A	1.83E-05
1	3798019	T	C	1.06E-05
1	3798073	G	T	1.09E-05
1	3798375	C	T	9.87E-06
1	4179022	G	A	2.34E-05
1	4966609	G	A	2.00E-06
1	9449438	C	T	5.48E-05
1	13888815	T	C	7.28E-06
1	18523140	A	G	2.22E-05
1	18525024	G	A	4.18E-05
1	18534715	C	T	1.55E-05
1	37480633	A	G	9.89E-06
1	43419188	C	T	4.85E-05
1	46256244	G	GTA	3.06E-05
1	55271935	A	G	4.16E-05
1	56070986	T	C	1.45E-05
1	63660248	A	G	1.60E-05
1	63660253	C	T	2.23E-05
1	63674914	T	G	1.02E-05
1	75381608	T	A	4.78E-05
1	76563238	G	C	4.81E-05
1	76564161	G	T	4.45E-05
1	76569151	C	A	3.71E-05
1	76610280	G	A	6.64E-05
1	77880188	C	T	2.47E-05
1	77884470	A	T	2.07E-06
1	77885099	G	GA	2.75E-06
1	77885198	A	T	3.37E-05
1	77885282	A	G	9.97E-06
1	77885315	T	C	3.40E-05
1	77885368	GA	G	5.18E-06
1	77888916	T	A	7.12E-06
1	77889384	G	A	4.07E-06
1	77889761	C	T	3.94E-06
1	77890981	T	C	2.83E-06
1	77894440	C	A	3.07E-06
1	77895304	T	A	4.24E-06
1	77895705	C	T	3.67E-05
1	82441079	C	T	3.12E-05
1	82463247	G	A	3.12E-05
1	91887927	T	C	2.81E-05
1	94359880	T	A	3.27E-05
1	101847845	C	T	2.35E-05
1	101848110	G	A	2.48E-05
1	101848117	C	T	2.51E-05
1	101848175	A	G	3.09E-05
1	101848176	T	C	3.47E-05
1	101848271	T	C	2.10E-05
1	101848337	A	G	1.92E-05
1	101848497	C	T	1.96E-05
1	101848523	A	G	2.01E-05
1	101958874	C	T	1.16E-05
1	108338171	T	C	2.29E-05
1	162169313	G	A	2.33E-05
1	186250988	T	C	1.30E-05
1	200061873	A	G	2.81E-05
1	200430567	G	GA	2.31E-05
1	201071502	G	A	7.14E-05
1	202562816	G	T	4.30E-05
1	204236184	T	C	1.46E-05
1	204331208	G	C	1.80E-05
1	204370657	T	C	4.41E-05
1	207204333	C	T	1.29E-05
1	221676353	G	A	3.17E-05
1	222714674	C	T	1.99E-05
1	236796685	C	T	6.24E-05
1	236800717	G	C	7.03E-05
1	237277098	A	C	2.46E-05
1	237277253	A	G	2.74E-05
1	237277611	T	A	2.63E-05
1	237278541	C	A	5.96E-06
1	237279850	TACATAC	T	3.00E-05
1	244992409	C	T	4.02E-05
1	245028592	G	C	8.25E-06
1	245029152	G	A	1.85E-05
1	245034272	G	T	2.98E-05
1	245036572	T	C	4.19E-06
1	245422788	G	C	2.62E-05
1	245422789	G	A	2.62E-05
1	245422841	G	A	2.62E-05
1	245428802	G	A	2.20E-05
1	245430854	A	G	1.29E-05
1	245431968	C	T	8.94E-06
1	245434179	G	T	1.61E-05
1	245434258	A	G	1.94E-05
1	245435349	G	T	1.61E-05
1	245435644	C	T	1.24E-05
1	245441886	A	T	2.28E-05
1	245442955	C	T	2.35E-05
1	245443119	T	C	2.34E-05
1	245445807	A	G	2.46E-05
1	245445899	C	T	2.47E-05
1	245446058	G	A	2.47E-05
1	245453326	G	A	6.08E-06
1	245453351	T	A	5.34E-06
1	245453417	C	T	6.10E-06
1	245453692	A	G	6.17E-06
1	245454038	A	T	6.18E-06
1	245454906	C	T	3.98E-05
1	245455387	C	T	3.44E-05
1	245458762	A	G	1.43E-05
1	245460218	C	T	3.93E-05
1	245461480	C	T	5.09E-05
1	245461759	A	G	4.76E-05
1	245462654	G	A	6.36E-05
1	245466751	C	T	7.01E-05
1	245469959	C	G	7.36E-05
2	6857764	G	A	1.34E-05
2	9692558	A	G	1.93E-05
2	9943405	T	C	3.44E-06
2	16813733	GA	G	2.64E-05
2	16815892	T	C	1.30E-05
2	16817049	G	A	2.76E-05
2	16817146	T	G	2.34E-05
2	16821680	C	A	3.16E-05
2	16821848	C	A	2.03E-05
2	20706732	G	A	2.41E-05
2	20706951	A	G	4.20E-05
2	22929013	C	G	3.47E-05
2	22932007	C	T	3.18E-05
2	22938875	C	T	3.40E-05
2	22952622	C	T	3.59E-05
2	22953982	C	T	4.18E-05
2	26665193	A	G	3.88E-05
2	28804431	CCT	C	2.62E-05
2	28806333	GA	G	3.27E-05
2	28810973	C	CA	3.15E-05
2	29165742	C	T	4.04E-05
2	34037357	G	T	1.82E-05
2	34048428	T	C	1.52E-05
2	34049342	C	T	1.54E-05
2	34049481	T	C	3.61E-05
2	34050538	A	G	3.31E-05
2	34055950	C	T	1.91E-05
2	34056617	A	G	1.69E-05
2	34059750	T	G	7.14E-06
2	38770994	C	T	4.92E-05
2	47982092	G	A	7.27E-05
2	50863005	T	G	5.32E-05
2	65096936	A	G	3.93E-05
2	66730783	A	G	7.20E-05
2	66745864	G	A	2.72E-05
2	66747480	G	A	2.56E-05
2	72596479	C	T	2.24E-05
2	87547782	G	A	4.01E-05
2	87550107	C	G	3.16E-05
2	87551498	A	G	3.77E-05
2	138702790	C	T	3.53E-05
2	138704703	A	G	4.25E-05
2	138704778	A	T	4.05E-05
2	138705002	A	G	3.21E-05
2	138706621	G	A	3.09E-05
2	146096020	G	A	3.52E-05
2	147100721	C	T	6.83E-05
2	159276189	G	T	6.76E-05
2	159277195	C	T	6.78E-05
2	159277948	A	G	6.79E-05
2	159277967	T	C	6.13E-05
2	159278478	T	C	6.58E-05
2	159281466	T	G	6.73E-05
2	159285598	C	T	6.68E-05
2	159287983	A	G	4.69E-05
2	159293858	A	C	6.33E-05
2	159295270	T	C	6.33E-05
2	159297171	G	A	6.89E-05
2	159297886	C	T	7.13E-05
2	159303402	C	T	6.15E-05
2	159522879	C	G	3.53E-05
2	159525930	C	T	3.70E-05
2	159527617	C	T	2.75E-05
2	159528604	G	A	3.15E-05
2	159529360	TA	T	3.48E-05
2	159529888	T	A	3.48E-05
2	164324514	C	T	3.28E-05
2	166305671	G	A	4.85E-05
2	166326598	G	A	5.83E-05
2	166986425	C	T	2.66E-05
2	172231969	T	A	2.36E-05
2	172275515	G	A	2.66E-06
2	172443153	T	C	2.17E-06
2	172707170	C	T	1.34E-06
2	172739396	C	T	1.01E-06
2	172817403	C	T	5.74E-06
2	176151670	C	T	6.55E-05
2	176167112	C	G	6.85E-05
2	177084395	G	T	3.69E-05
2	180314759	GA	G	1.36E-06
2	182727792	G	A	3.48E-05
2	191282728	A	G	1.34E-05
2	195341909	T	C	2.25E-05
2	195713214	C	G	2.51E-05
2	207343725	C	T	8.14E-06
2	212687082	T	A	7.34E-05
2	212703352	T	A	4.12E-05
2	212779152	G	C	1.72E-05
2	217544557	C	G	3.10E-05
2	223883881	C	A	3.70E-06
2	223955106	C	T	1.54E-05
2	230874084	C	T	4.97E-06
2	234645648	C	T	4.72E-05
2	234796931	G	C	6.34E-05
2	240073049	G	A	7.69E-06
2	240332802	C	A	7.21E-05
2	240772055	G	A	4.70E-05
3	1093795	C	G	1.89E-05
3	1097969	T	G	2.19E-05
3	1099234	A	G	1.64E-05
3	1101946	C	G	1.04E-05
3	1103832	G	C	8.73E-06
3	1104218	T	C	8.70E-06
3	1104296	C	T	8.71E-06
3	1104395	T	G	1.20E-05
3	1104957	G	A	8.73E-06
3	1106164	G	A	1.46E-05
3	1114501	C	G	3.48E-05
3	3245658	G	T	1.33E-05
3	4970038	G	C	5.25E-05
3	4970291	C	A	6.09E-05
3	4970333	T	C	5.97E-05
3	4970821	C	T	5.56E-05
3	4972548	A	G	4.63E-05
3	4973402	G	C	6.99E-05
3	4973532	A	G	6.99E-05
3	4973586	A	G	6.99E-05
3	4973859	C	A	7.67E-05
3	4974124	A	G	7.51E-05
3	9170506	A	G	3.63E-05
3	10255873	A	G	6.35E-05
3	10319168	C	T	4.67E-05
3	14174146	T	C	4.01E-05
3	15604055	T	C	2.47E-05
3	15611560	T	G	4.84E-06
3	20859100	G	A	5.08E-05
3	20863199	C	T	7.29E-05
3	20868795	G	T	6.40E-05
3	20870842	A	T	6.69E-05
3	20871253	A	G	6.50E-05
3	20872369	G	A	4.47E-05
3	20873199	C	CT	5.55E-05
3	20885418	T	C	6.60E-05
3	23194519	A	G	3.82E-05
3	25344232	G	A	3.40E-05
3	26912044	C	T	1.89E-05
3	27538154	C	A	2.62E-05
3	41041580	T	TG	5.02E-05
3	45798226	C	T	3.31E-06
3	45841938	C	T	1.77E-12
3	45843242	G	A	2.68E-14
3	45843315	C	T	7.25E-14
3	45843439	G	T	8.67E-13
3	45844198	A	C	2.42E-14
3	45845748	A	C	2.29E-09
3	45846769	A	G	3.46E-14
3	45847241	A	G	1.51E-09
3	45848760	G	C	2.55E-12
3	45850783	T	A	6.01E-12
3	45859651	G	A	3.32E-15
3	45861932	G	A	3.65E-15
3	45862952	T	C	3.26E-15
3	45864732	T	C	3.21E-15
3	45867440	A	G	3.55E-15
3	45871908	G	A	3.26E-15
3	45876459	G	GA	3.64E-14
3	45880481	T	C	4.27E-15
3	45888690	A	G	4.23E-15
3	45889921	A	T	3.93E-15
3	45889949	C	T	4.71E-15
3	45899651	A	G	5.27E-15
3	45900634	G	C	4.62E-14
3	45901089	C	T	2.22E-14
3	45908116	A	T	1.00E-14
3	45908514	C	G	3.97E-15
3	45908859	G	A	1.78E-05
3	45909024	A	G	3.11E-15
3	45909528	C	T	1.17E-12
3	45909644	C	A	1.13E-11
3	45910870	G	A	1.58E-06
3	45914585	CTT	C	6.65E-10
3	45916547	TA	T	2.36E-06
3	45916786	G	A	1.63E-10
3	45918215	G	A	1.82E-10
3	45920298	T	C	2.01E-10
3	45926043	C	T	8.10E-09
3	45927759	T	C	9.62E-09
3	45928769	G	A	3.05E-10
3	45930796	T	TA	1.18E-08
3	45932407	G	A	1.55E-10
3	45936945	G	C	9.23E-08
3	45937833	G	T	2.83E-06
3	45939016	G	A	1.50E-09
3	45939802	G	A	5.89E-10
3	45945132	A	C	5.63E-10
3	45947018	A	G	6.16E-10
3	45951647	G	A	1.01E-08
3	45954339	C	T	2.09E-09
3	45960420	G	C	9.70E-10
3	45960646	T	C	2.83E-09
3	45960700	C	T	2.81E-09
3	45962603	A	G	3.65E-09
3	45967800	CA	C	4.07E-09
3	45968043	T	G	2.18E-09
3	45970391	G	A	2.45E-09
3	45970944	C	G	2.66E-09
3	45974092	G	A	2.86E-09
3	45975443	C	T	2.77E-09
3	45976662	C	T	2.86E-09
3	45977810	AAAG	A	7.43E-09
3	45981171	C	T	2.74E-09
3	45983476	T	A	3.63E-09
3	45985347	C	G	4.98E-09
3	45989873	C	T	1.47E-09
3	45989921	G	T	1.03E-09
3	45993645	C	T	4.84E-09
3	45994205	G	GGA	3.34E-09
3	45995748	T	C	1.47E-09
3	45996501	A	G	1.18E-09
3	45997263	T	C	1.31E-09
3	45997506	G	GA	1.28E-08
3	45998058	GTTC	G	6.24E-09
3	45999209	A	G	4.11E-09
3	46000728	T	G	4.23E-09
3	46000870	G	A	4.23E-09
3	46001227	G	A	1.39E-09
3	46001367	C	A	4.33E-09
3	46001720	T	G	1.42E-09
3	46002963	G	C	4.36E-09
3	46003496	T	C	4.22E-09
3	46003537	G	A	1.40E-09
3	46006239	A	G	1.41E-09
3	46006269	C	T	1.38E-09
3	46006341	C	G	1.51E-09
3	46007488	G	A	1.43E-09
3	46007823	G	T	2.29E-09
3	46007825	T	C	8.51E-10
3	46008087	G	A	2.78E-09
3	46009487	G	A	3.00E-09
3	46010007	T	C	8.81E-10
3	46011436	A	G	8.26E-10
3	46012279	T	C	2.67E-09
3	46012375	C	CTA	2.65E-08
3	46012391	A	G	3.14E-08
3	46012542	T	TA	1.08E-09
3	46013832	C	T	2.42E-09
3	46014545	T	G	2.41E-09
3	46015569	T	C	9.11E-10
3	46015933	T	C	8.39E-10
3	46018344	G	A	1.54E-09
3	46022833	G	A	1.24E-09
3	46024529	T	A	1.23E-09
3	46025048	G	A	1.24E-09
3	46029098	CA	C	1.06E-09
3	46035097	A	G	8.34E-10
3	46036387	A	AT	1.84E-08
3	46036521	C	T	9.37E-10
3	46039060	G	C	4.66E-10
3	46039868	A	G	4.98E-10
3	46041837	C	T	5.11E-10
3	46046459	G	A	4.84E-10
3	46047658	G	C	5.52E-10
3	46049764	G	A	2.53E-10
3	46049765	T	C	1.23E-09
3	46049827	G	T	1.31E-09
3	46051702	G	A	1.32E-09
3	46051774	G	A	1.12E-09
3	46051908	A	G	8.16E-10
3	46052263	G	C	1.08E-09
3	46052800	G	A	9.51E-10
3	46053581	A	T	1.97E-10
3	46053968	A	G	1.62E-10
3	46054156	G	T	8.53E-10
3	46055250	G	A	8.30E-10
3	46055716	G	A	1.09E-10
3	46055909	C	T	1.91E-09
3	46056162	G	A	5.51E-10
3	46056173	C	T	1.46E-10
3	46056911	T	A	1.50E-09
3	46057867	A	G	1.89E-09
3	46058908	G	A	5.04E-10
3	46059249	C	T	3.23E-09
3	46059484	T	C	2.01E-09
3	46061218	T	C	5.22E-10
3	46061304	A	G	2.11E-09
3	46061840	A	G	2.13E-09
3	46061997	T	C	2.23E-09
3	46063329	T	C	1.25E-09
3	46063753	T	C	2.12E-09
3	46064618	G	C	3.13E-09
3	46064626	C	G	1.12E-09
3	46065763	G	A	2.13E-09
3	46065963	G	A	2.06E-09
3	46067507	T	G	5.87E-10
3	46068473	A	G	1.87E-09
3	46068835	G	T	5.64E-10
3	46069573	A	C	1.94E-09
3	46070337	C	G	1.95E-09
3	46070353	A	C	1.94E-09
3	46071081	G	A	5.63E-10
3	46071327	GT	G	6.41E-10
3	46071763	T	C	1.94E-09
3	46071868	A	G	1.94E-09
3	46072519	G	A	5.62E-10
3	46072630	C	T	1.98E-09
3	46072704	G	A	4.20E-09
3	46072768	G	A	2.07E-09
3	46072839	C	T	1.96E-09
3	46073314	T	C	1.95E-09
3	46073923	A	G	1.94E-09
3	46074711	G	A	2.00E-09
3	46074858	G	A	1.87E-09
3	46075090	A	C	1.90E-09
3	46077332	A	G	1.78E-09
3	46077390	T	C	3.32E-08
3	46078292	C	T	4.12E-08
3	46079871	A	G	3.26E-08
3	46080024	A	T	3.24E-08
3	46080176	T	A	2.69E-08
3	46080912	C	T	6.16E-08
3	46081108	A	T	2.79E-08
3	46081306	T	C	4.83E-10
3	46081333	T	C	2.70E-08
3	46081707	C	T	2.73E-08
3	46082175	C	CTG	5.11E-09
3	46082321	A	AATTGTGCC	1.47E-08
3	46082481	G	A	3.42E-10
3	46083201	T	G	2.65E-08
3	46083357	G	C	2.68E-08
3	46083634	G	A	2.60E-08
3	46083941	G	T	1.63E-08
3	46084372	A	C	2.64E-08
3	46084461	A	G	2.78E-08
3	46084742	G	A	2.54E-08
3	46084949	C	A	5.99E-08
3	46085208	C	G	9.25E-08
3	46085321	A	G	1.47E-07
3	46086083	A	G	2.58E-08
3	46087992	G	A	4.62E-10
3	46088282	T	C	1.31E-08
3	46088336	G	T	1.30E-08
3	46089341	G	C	1.40E-08
3	46090013	G	A	6.20E-09
3	46090477	G	A	1.26E-08
3	46090557	A	G	1.35E-08
3	46090622	A	G	1.35E-08
3	46094063	A	G	6.37E-10
3	46095104	A	G	6.30E-10
3	46095219	A	G	2.98E-05
3	46095226	C	T	2.98E-05
3	46095336	T	C	2.12E-05
3	46096043	G	A	3.86E-09
3	46096798	T	C	5.31E-10
3	46098526	C	G	5.36E-10
3	46099154	C	T	5.44E-10
3	46100138	C	G	5.36E-10
3	46100491	C	T	6.22E-10
3	46101466	C	T	6.45E-10
3	46102173	G	C	5.86E-10
3	46103680	G	T	7.99E-10
3	46107498	A	G	4.77E-10
3	46107601	A	G	6.62E-10
3	46108285	C	T	1.77E-09
3	46108400	G	A	4.31E-09
3	46111081	A	G	4.74E-09
3	46111213	T	C	7.21E-10
3	46111759	G	A	3.79E-09
3	46111869	G	A	3.15E-07
3	46114216	A	G	4.01E-09
3	46116010	T	A	8.97E-10
3	46116787	G	A	3.32E-06
3	46117096	A	G	9.03E-10
3	46117960	A	G	8.85E-10
3	46118439	T	C	6.54E-07
3	46120517	A	G	9.19E-10
3	46123043	A	G	1.17E-09
3	46123055	C	T	1.14E-09
3	46123186	C	CT	1.66E-08
3	46123333	A	C	9.96E-08
3	46124418	A	G	1.12E-09
3	46127557	G	A	1.33E-09
3	46128542	G	A	1.34E-09
3	46128709	T	C	1.44E-09
3	46128713	A	G	1.45E-09
3	46131225	C	G	1.44E-09
3	46135690	G	A	1.51E-09
3	46136438	A	G	1.62E-09
3	46138107	G	A	1.97E-09
3	46138455	G	A	1.70E-09
3	46138842	A	T	1.44E-09
3	46140073	G	T	1.64E-09
3	46141504	A	C	1.75E-05
3	46141844	G	A	7.07E-09
3	46142464	C	T	6.69E-10
3	46143187	C	T	8.07E-10
3	46144981	G	T	6.39E-10
3	46146314	G	T	6.02E-10
3	46147504	A	G	6.98E-10
3	46151558	A	G	5.19E-07
3	46154272	T	C	6.55E-10
3	46154457	G	A	6.57E-10
3	46169040	C	T	1.83E-09
3	46170897	G	T	1.56E-09
3	46172824	T	C	8.65E-10
3	46173072	G	C	2.01E-09
3	46173210	T	G	1.97E-09
3	46173642	C	T	2.47E-08
3	46174331	T	C	1.88E-07
3	46174605	A	G	9.01E-07
3	46176394	ATTGTTT	A	7.48E-07
3	46177096	G	A	5.02E-07
3	46177864	T	C	2.16E-06
3	46177992	T	C	4.38E-06
3	46179481	A	G	3.05E-05
3	46180416	C	T	3.69E-05
3	46184620	C	G	4.42E-05
3	46189924	C	T	3.42E-05
3	46190327	G	C	3.20E-05
3	46222037	A	G	1.46E-05
3	46267582	C	T	3.84E-05
3	46268577	A	T	4.50E-05
3	46272440	G	T	2.58E-05
3	46272511	G	C	1.90E-05
3	46272709	A	C	2.72E-05
3	46273766	G	A	3.88E-05
3	53457253	G	A	2.74E-05
3	55167782	A	G	2.76E-05
3	56851865	G	A	1.10E-05
3	58025633	A	G	3.58E-05
3	58136073	G	A	4.11E-05
3	61720442	C	T	4.36E-05
3	61722196	T	C	2.77E-05
3	61722375	A	C	3.71E-05
3	61748253	C	T	3.22E-06
3	61748323	C	G	3.22E-05
3	61749057	G	A	3.75E-05
3	61753905	T	A	1.36E-05
3	61757206	T	G	2.48E-05
3	61765443	T	C	3.88E-05
3	66990358	A	T	1.11E-05
3	100802505	C	T	7.52E-05
3	119706355	C	T	1.47E-05
3	125461079	A	G	1.66E-05
3	125465501	A	C	9.67E-06
3	125471681	C	A	6.64E-05
3	125479700	G	A	1.76E-05
3	141318254	C	T	2.18E-05
3	142154187	C	T	5.53E-05
3	142196402	T	G	2.81E-05
3	150575600	C	T	2.13E-05
3	158997614	G	T	1.34E-05
3	159019135	T	G	3.35E-05
3	162054668	G	A	9.83E-06
3	162413473	C	T	3.67E-05
3	162416374	G	GT	1.03E-05
3	162418405	G	A	1.21E-05
3	162420362	C	A	1.32E-05
3	162425249	A	G	1.17E-05
3	162426647	A	G	1.42E-05
3	162427933	T	G	1.16E-05
3	162428718	G	C	1.16E-05
3	162430177	G	A	1.27E-05
3	162430412	G	T	1.27E-05
3	162430787	A	G	6.73E-06
3	162432363	C	T	1.05E-05
3	162432789	C	T	6.57E-06
3	162433890	A	G	1.23E-05
3	162433901	C	A	1.23E-05
3	162436240	A	C	1.14E-05
3	162440045	C	T	9.09E-06
3	162440757	G	A	4.70E-06
3	162443215	G	A	9.01E-06
3	162443945	C	T	1.29E-05
3	162445085	A	G	1.63E-05
3	162446317	T	A	1.38E-05
3	162448974	C	T	1.52E-05
3	162450179	G	A	1.32E-05
3	162450837	A	G	1.25E-05
3	162451112	T	G	1.32E-05
3	162453428	T	G	1.31E-05
3	162460238	A	G	1.30E-05
3	162464876	A	G	1.26E-05
3	162465782	T	A	1.25E-05
3	162466617	T	A	1.25E-05
3	162466638	T	TA	8.82E-06
3	162467076	A	C	1.25E-05
3	162467729	A	G	1.23E-05
3	162467785	T	C	1.25E-05
3	162468419	A	C	1.42E-05
3	162471042	C	T	1.21E-05
3	162472381	T	G	1.21E-05
3	162473026	A	G	1.21E-05
3	162478270	G	A	1.58E-05
3	162480262	G	A	1.53E-05
3	162480818	T	C	1.53E-05
3	162481733	G	A	1.53E-05
3	162482655	T	C	6.05E-06
3	162486832	A	G	1.36E-05
3	162491280	G	C	1.70E-05
3	162491925	A	T	7.63E-06
3	162492109	A	T	1.70E-05
3	162493341	C	T	7.66E-06
3	162493387	G	A	1.71E-05
3	162494638	G	A	1.71E-05
3	162494864	T	G	1.71E-05
3	162495102	A	G	1.71E-05
3	162495495	T	C	1.46E-05
3	162495859	C	T	1.74E-05
3	162497171	T	A	1.76E-05
3	162500503	G	A	1.52E-05
3	162503465	T	C	1.92E-05
3	162503475	C	T	1.93E-05
3	162503617	G	A	1.92E-05
3	162503783	C	G	1.98E-05
3	162503847	C	G	1.98E-05
3	162504090	C	T	1.98E-05
3	162504667	T	G	1.94E-05
3	162507511	G	A	1.68E-05
3	162507696	T	A	4.25E-05
3	162509363	C	G	1.96E-05
3	162509715	G	A	1.97E-05
3	162510174	A	T	1.98E-05
3	168419382	T	G	4.34E-05
3	170204892	A	G	7.65E-05
3	181552053	C	T	2.55E-05
3	187543958	G	T	4.72E-05
3	191705042	G	A	7.21E-05
3	192860964	G	A	4.51E-05
3	195670046	C	T	4.88E-05
4	7219035	A	G	6.75E-05
4	18391316	GGAAAAATTGCT	G	1.19E-05
4	18560858	G	T	3.92E-05
4	27530548	T	C	3.27E-05
4	27605246	T	C	2.88E-05
4	36433081	A	G	3.36E-05
4	55687001	T	A	3.70E-05
4	74864688	G	A	2.52E-05
4	80453712	G	A	3.49E-05
4	97027288	T	C	3.72E-05
4	99439788	C	T	1.46E-05
4	99440635	T	C	1.62E-05
4	99443303	C	A	4.34E-05
4	99443585	G	A	3.39E-05
4	99446161	G	T	6.21E-05
4	99446162	C	T	6.21E-05
4	99447433	T	G	4.80E-05
4	99447987	G	A	3.27E-05
4	99450216	CT	C	3.07E-05
4	99450971	C	T	3.81E-05
4	99451611	C	T	5.52E-05
4	99452280	A	G	5.53E-05
4	99452621	T	G	5.82E-05
4	99454174	A	C	3.99E-05
4	99455573	T	G	6.63E-05
4	100443782	T	C	3.82E-05
4	101087668	A	G	2.07E-05
4	108258164	C	A	3.60E-05
4	125712330	A	G	6.12E-05
4	133390403	A	T	8.90E-06
4	133583257	T	C	6.14E-05
4	145575931	G	T	3.52E-06
4	145638947	T	C	1.84E-05
4	150974933	G	A	3.56E-05
4	150975181	A	G	3.61E-05
4	154066652	C	G	3.91E-05
4	154682643	A	G	6.90E-06
4	154832687	G	T	1.20E-05
4	154903873	C	T	9.65E-06
4	154905758	C	T	9.66E-06
4	155482286	G	A	2.08E-05
4	161305413	G	A	4.02E-05
4	161305612	C	T	2.49E-05
4	161305639	A	G	3.15E-05
4	161306272	G	C	2.22E-05
4	161307463	T	C	3.17E-05
4	161308423	G	A	2.50E-05
4	161314936	A	G	1.89E-05
4	161318371	C	T	1.64E-05
4	161318570	A	T	1.07E-05
4	161322931	T	C	2.06E-05
4	161324267	A	G	1.20E-05
4	161325812	T	G	9.76E-06
4	161336514	C	A	1.22E-05
4	161336742	C	T	3.14E-05
4	161341543	G	A	2.76E-05
4	161355650	C	T	2.81E-05
4	161361797	C	G	2.64E-05
4	161362626	A	G	1.75E-05
4	161363865	T	C	2.09E-05
4	161366314	A	G	1.86E-05
4	161370668	G	A	1.66E-05
4	161371095	G	A	3.05E-05
4	161371367	A	C	5.35E-06
4	161371636	C	T	2.66E-05
4	161372010	T	A	1.13E-05
4	161372053	C	T	9.36E-06
4	161372549	G	A	1.11E-05
4	161372553	C	A	1.01E-05
4	161373001	T	C	7.05E-06
4	161373034	A	AT	1.95E-06
4	161373330	G	A	1.46E-06
4	161373415	T	A	6.39E-06
4	161373501	G	C	1.99E-05
4	161373831	C	T	8.11E-06
4	161374355	C	T	2.64E-05
4	161374794	T	C	2.49E-05
4	161376101	G	A	3.14E-05
4	161381482	A	G	3.63E-05
4	161383535	G	A	3.23E-05
4	161390353	T	C	6.29E-06
4	161391378	T	A	4.33E-05
4	161394008	A	C	4.39E-05
4	161395810	T	A	3.24E-05
4	161396600	A	G	3.55E-05
4	161399376	C	A	4.00E-05
4	161401630	C	T	3.97E-05
4	161402315	A	C	3.27E-05
4	161402496	G	A	2.80E-05
4	161402832	G	A	4.17E-05
4	161404303	C	G	4.30E-05
4	161410611	C	T	3.96E-05
4	161410947	G	A	3.72E-05
4	161412175	AGAGGGT	A	2.88E-05
4	161413079	T	G	4.37E-05
4	161423289	CAG	C	3.90E-05
4	166136549	G	A	4.26E-05
4	166139198	A	G	4.51E-05
4	177544609	C	T	3.35E-05
4	177545904	T	C	3.60E-05
4	177565723	T	C	1.92E-05
4	179144256	G	A	7.01E-06
4	180279303	G	A	4.36E-05
4	180290961	AC	A	3.54E-05
4	180291639	G	A	5.40E-06
4	183604600	G	C	4.46E-05
4	183608189	G	A	1.86E-05
4	183608639	A	AC	1.70E-05
4	183613573	T	TA	2.36E-05
4	185216259	G	A	4.62E-05
4	189188713	G	A	2.32E-05
5	414069	G	A	2.90E-05
5	1434737	T	G	1.09E-05
5	2150018	C	T	9.15E-06
5	14253627	T	C	6.89E-05
5	16203645	T	C	3.90E-05
5	19595718	C	T	3.70E-05
5	20562507	C	T	9.72E-08
5	20562512	T	C	8.15E-07
5	20562555	C	T	8.80E-07
5	20562813	G	T	5.66E-07
5	20562829	C	T	7.04E-07
5	20562853	G	A	9.88E-07
5	20562906	G	T	6.80E-07
5	20563053	C	G	1.57E-06
5	20563135	T	C	2.93E-06
5	20563161	A	C	1.99E-06
5	20563750	A	T	9.16E-07
5	20564905	C	A	9.23E-07
5	20565534	C	A	9.25E-07
5	20565926	T	A	9.44E-07
5	20566617	C	T	2.13E-06
5	20566735	A	C	2.12E-06
5	20567081	G	C	8.95E-07
5	20567119	C	T	8.95E-07
5	20567379	T	C	8.65E-07
5	20567736	T	A	2.49E-06
5	20567752	T	C	3.35E-07
5	20567772	C	T	7.46E-07
5	20568138	A	G	2.58E-06
5	20568734	GA	G	4.28E-07
5	20569550	G	A	2.55E-06
5	20572040	C	A	2.03E-06
5	20576506	G	A	2.83E-06
5	25085060	C	T	4.02E-05
5	44155847	G	A	1.74E-05
5	50990680	A	G	3.72E-05
5	55220580	G	A	3.40E-05
5	56387848	A	G	3.95E-05
5	71698763	T	C	3.02E-05
5	71893271	G	A	5.08E-06
5	74972372	C	CG	2.52E-05
5	76802186	G	A	3.15E-05
5	77802653	A	C	2.56E-05
5	77803191	C	A	2.70E-05
5	77803611	G	A	2.68E-05
5	77806332	C	G	5.63E-05
5	77806357	C	T	5.24E-05
5	77806735	T	C	2.69E-05
5	77806988	T	G	2.68E-05
5	77807451	A	G	4.63E-05
5	77807672	C	T	2.69E-05
5	77808620	C	G	5.49E-05
5	77810020	C	T	2.67E-05
5	77820943	G	A	1.87E-05
5	81649490	G	T	3.55E-05
5	84776694	T	C	4.15E-05
5	85045609	G	T	6.58E-05
5	89669740	C	T	2.29E-05
5	95093962	A	G	4.49E-05
5	103147465	G	T	2.52E-05
5	103509721	G	A	2.12E-05
5	107644149	G	A	2.43E-05
5	107685566	T	C	1.79E-05
5	107811473	G	C	8.82E-06
5	108410758	T	A	3.71E-05
5	114004146	T	A	2.91E-05
5	114011456	G	C	3.38E-05
5	114012149	A	G	6.32E-05
5	114012244	A	G	5.83E-05
5	114013402	A	T	3.79E-05
5	114013936	T	C	3.53E-05
5	114014076	G	T	3.10E-05
5	114014281	A	G	8.91E-06
5	114014582	A	G	3.54E-05
5	114028146	G	A	1.71E-05
5	114031762	A	G	1.05E-05
5	114043349	T	A	2.37E-05
5	114044147	T	C	5.27E-05
5	115773917	A	G	6.03E-05
5	120982207	T	C	6.62E-07
5	121007272	C	CA	5.67E-05
5	121018374	C	T	5.56E-05
5	121099417	T	G	2.97E-06
5	122730629	G	A	3.13E-05
5	122745011	C	T	3.55E-05
5	122789901	G	A	3.28E-06
5	122811519	C	T	1.15E-06
5	122811521	C	T	1.10E-06
5	122811649	G	A	8.67E-07
5	122813888	T	C	2.42E-06
5	122814546	T	G	1.96E-06
5	122814897	T	C	1.90E-06
5	122821063	C	T	1.63E-05
5	122830670	G	A	5.33E-06
5	122865614	T	C	2.02E-06
5	122876467	C	T	5.97E-06
5	122896407	G	A	5.84E-06
5	122929794	C	T	5.88E-06
5	122949746	A	C	2.14E-05
5	124473352	G	T	7.26E-05
5	124477376	T	G	7.69E-05
5	124477401	A	G	5.98E-05
5	124477587	A	G	7.59E-05
5	124477591	A	C	6.80E-05
5	124477820	C	T	6.37E-05
5	124477850	T	C	7.59E-05
5	124478332	T	G	6.78E-05
5	124478477	T	A	7.58E-05
5	124478679	G	A	7.56E-05
5	124478883	T	C	5.95E-05
5	124479109	T	G	5.28E-05
5	124479269	A	T	5.28E-05
5	124479271	T	A	4.71E-05
5	124479497	G	A	7.55E-05
5	124479730	C	A	6.10E-05
5	124479936	T	G	4.53E-05
5	124480708	G	A	4.91E-05
5	124481055	A	C	4.85E-05
5	124481178	G	A	4.85E-05
5	124482242	C	T	5.37E-05
5	124482248	A	G	5.33E-05
5	124482446	A	T	5.98E-05
5	124482603	G	T	5.60E-05
5	124482763	G	A	5.33E-05
5	124483173	C	T	5.55E-05
5	124485073	C	T	4.10E-05
5	124487828	A	G	5.66E-05
5	125487714	T	G	2.81E-05
5	125699031	A	C	1.28E-05
5	125725432	G	A	9.67E-06
5	132911493	T	C	4.44E-05
5	133156739	T	C	4.50E-05
5	155347848	T	C	6.95E-05
5	155355006	G	T	5.75E-05
5	155363490	C	G	4.91E-05
5	160651727	A	G	1.00E-06
5	160683792	T	C	1.23E-06
5	160824073	A	T	4.72E-06
5	165708940	G	A	9.34E-06
5	173067546	G	A	4.91E-05
5	175940046	T	G	3.63E-05
5	176780873	G	A	1.63E-05
5	180084680	G	A	4.05E-05
6	5999464	C	G	6.40E-05
6	10661331	C	T	3.56E-06
6	12884259	TACAC	T	8.01E-07
6	22848806	T	G	3.28E-05
6	24491995	T	C	7.29E-05
6	37680019	A	G	1.94E-05
6	39873399	G	C	2.74E-05
6	39874728	C	T	2.61E-05
6	39876196	G	A	1.61E-05
6	41497035	C	A	5.24E-06
6	52370099	G	A	2.07E-06
6	52385596	C	T	2.11E-06
6	78491779	C	T	3.78E-06
6	78621494	T	C	1.04E-05
6	81308691	T	A	5.52E-06
6	81590095	T	A	4.34E-05
6	81843186	C	T	3.55E-06
6	82480359	C	T	8.22E-06
6	83140496	TG	T	3.40E-05
6	83200724	T	C	5.38E-06
6	89859630	G	A	3.49E-05
6	91637689	C	T	4.54E-05
6	96559855	T	A	6.08E-05
6	99641649	G	A	2.19E-05
6	99747721	A	C	1.08E-05
6	99775925	T	C	1.07E-05
6	99779515	G	A	9.96E-06
6	99879011	C	T	2.66E-06
6	99900751	T	C	2.83E-05
6	99905352	T	C	2.04E-05
6	99919021	G	A	2.58E-06
6	100015696	CAAG	C	1.61E-05
6	100119362	A	G	2.26E-06
6	100926359	T	A	4.03E-05
6	104406279	G	T	2.84E-05
6	104407049	C	T	2.39E-05
6	123101228	G	C	5.24E-05
6	123120403	G	A	6.05E-05
6	123124313	G	A	4.52E-05
6	123124578	T	C	4.61E-05
6	123618278	TAA	T	4.10E-05
6	149912199	T	G	5.68E-06
6	150180608	T	C	4.35E-05
6	150217657	C	T	2.05E-05
6	151433505	A	C	3.36E-05
6	151433836	A	G	3.02E-05
6	155658848	C	T	3.55E-05
6	155659706	A	G	2.41E-05
6	155665971	A	G	3.53E-05
6	155666411	C	T	3.54E-05
6	155667290	G	A	3.01E-05
6	155667427	T	A	3.49E-05
6	155671375	G	A	2.21E-05
6	155673238	C	T	1.14E-05
6	155675230	A	T	2.95E-05
6	155685588	A	G	2.33E-05
6	157049852	A	G	2.05E-05
6	164585757	T	C	6.07E-06
6	167911080	A	G	1.27E-05
6	170468761	C	T	4.84E-05
6	170468763	G	A	6.37E-05
7	1683766	G	A	2.71E-05
7	15445933	C	T	4.25E-06
7	17441728	C	A	6.66E-05
7	17712580	C	T	4.72E-05
7	22023275	G	C	6.58E-05
7	28418965	C	T	6.50E-05
7	31321631	A	G	4.55E-05
7	31408391	C	T	3.34E-05
7	31736760	G	A	6.86E-05
7	37026024	C	G	6.05E-05
7	42827093	A	G	3.82E-05
7	43405558	C	T	6.58E-07
7	77833063	G	T	2.27E-05
7	77834161	T	C	4.56E-05
7	78127665	C	G	3.94E-05
7	78129388	C	A	3.77E-05
7	78130311	G	A	4.48E-05
7	79253135	T	A	3.17E-05
7	99703505	A	G	2.17E-05
7	99738879	C	T	4.14E-05
7	99744175	C	A	7.95E-06
7	105288170	C	T	2.78E-05
7	112837736	C	G	6.32E-05
7	114316974	T	A	4.11E-05
7	117107880	A	T	5.53E-05
7	117196815	C	T	5.34E-05
7	120780184	ATAAT	A	5.20E-05
7	120837711	G	A	5.07E-05
7	129147787	G	A	1.29E-05
7	129383039	A	G	6.47E-05
7	132815467	G	A	2.47E-05
7	133026405	T	C	1.52E-05
7	133288703	T	C	3.50E-05
7	136668928	G	C	5.24E-05
7	148930992	C	T	7.13E-06
7	148934529	C	T	6.61E-06
7	158530244	A	C	5.27E-05
7	158536886	T	C	4.64E-05
7	158539572	T	C	4.38E-05
7	158542905	C	T	3.92E-05
7	158543624	C	G	4.07E-05
7	158545034	G	T	4.07E-05
7	158550732	A	G	4.09E-05
7	158550805	C	T	4.09E-05
7	158554615	T	C	3.98E-05
7	158556111	A	G	2.22E-05
7	158556134	T	C	2.10E-05
7	158561169	A	G	4.07E-05
7	158561446	C	T	4.04E-05
7	158561794	G	A	4.07E-05
7	158564966	C	T	3.99E-05
7	158567180	AC	A	3.85E-05
7	158569053	T	C	3.84E-05
7	158574002	C	G	3.92E-05
7	158574926	C	G	5.92E-05
7	158575218	G	A	3.76E-05
7	158582207	T	G	3.31E-05
7	158583984	T	C	2.66E-05
7	158584597	C	T	3.29E-05
7	158585126	A	G	3.29E-05
7	158586138	T	C	4.70E-05
7	158587095	A	C	2.80E-05
7	158589788	A	G	3.34E-05
7	158590512	T	A	2.74E-05
7	158591851	C	T	2.76E-05
7	158592431	A	G	3.26E-05
7	158593257	T	A	5.69E-05
7	158594337	T	TAAAAA	3.61E-05
7	158594382	A	T	2.71E-05
7	158594523	C	CGCT	3.61E-05
7	158595403	C	T	3.15E-05
7	158595725	A	G	2.70E-05
7	158597661	C	T	3.12E-05
7	158607555	G	A	3.06E-05
7	158616993	G	A	2.56E-05
7	158617176	A	G	2.56E-05
7	158620659	C	T	2.12E-05
7	158623228	A	G	2.87E-05
7	158625240	T	C	2.13E-05
7	158626114	TAAC	T	2.17E-05
7	158626365	A	G	2.17E-05
7	158626697	G	C	2.17E-05
7	158627801	A	G	2.16E-05
7	158628249	T	C	2.15E-05
7	158629209	C	T	2.15E-05
7	158630128	C	T	2.13E-05
7	158630609	G	A	2.31E-05
7	158637229	A	G	1.92E-05
7	158638579	G	T	2.25E-05
7	158639744	G	A	1.87E-05
7	158641217	G	A	2.15E-05
7	158643864	A	T	7.21E-06
7	158643868	T	C	7.21E-06
7	158643945	T	C	5.65E-06
7	158644728	C	A	1.17E-05
7	158645174	G	A	2.29E-05
7	158645680	A	T	2.31E-06
7	158646407	G	A	4.24E-06
7	158649602	A	G	7.68E-06
7	158650214	A	G	8.00E-06
7	158653073	C	T	8.59E-06
7	158655358	C	T	8.86E-06
7	158658914	CCCA	C	2.33E-05
7	158662890	G	A	1.22E-05
7	158664608	T	C	9.70E-06
7	158665606	C	T	9.72E-06
7	158667935	G	A	9.79E-06
7	158677828	A	G	9.89E-06
7	158693479	G	A	2.52E-05
7	158707307	G	A	2.28E-05
7	158710389	A	G	1.25E-05
7	158712832	C	T	1.25E-05
7	158714921	A	C	1.26E-05
7	158715262	G	C	1.26E-05
7	158721526	C	G	2.10E-05
7	158723334	T	C	2.61E-05
7	158724905	C	T	2.90E-05
7	158726684	G	A	2.90E-05
7	158728151	T	C	9.97E-06
7	158729108	C	T	1.76E-05
7	158730088	C	T	1.12E-05
7	158731386	G	T	2.90E-05
7	158732849	C	T	2.90E-05
7	158736841	G	A	6.80E-05
7	158739787	A	C	2.91E-05
7	158740996	G	A	2.91E-05
7	158743053	G	A	2.52E-05
7	158743791	T	C	2.78E-05
7	158745881	T	A	5.21E-06
7	158749108	G	T	7.02E-07
7	158777861	G	C	7.80E-06
7	158801548	G	A	4.61E-06
7	158804689	G	C	4.66E-06
7	158837752	G	A	1.36E-05
7	158920841	G	A	2.95E-06
7	158961098	A	ACT	3.33E-05
7	159021459	G	A	4.51E-05
8	1318840	G	A	4.89E-05
8	1466567	T	G	5.54E-05
8	4296876	G	C	1.96E-05
8	10413833	C	T	1.46E-05
8	14880958	G	A	2.55E-05
8	15088700	G	A	2.23E-05
8	15823851	C	T	2.50E-05
8	16067121	C	G	2.55E-05
8	16096286	C	G	4.44E-05
8	16139483	A	C	2.79E-05
8	16771538	G	T	7.50E-06
8	16771613	C	T	5.28E-06
8	16774925	T	A	5.82E-05
8	16779697	A	G	5.76E-05
8	16790149	T	C	4.84E-05
8	21313592	T	C	2.48E-05
8	29296256	T	A	2.39E-05
8	29297370	C	A	3.36E-05
8	29300304	G	A	3.89E-05
8	29300499	T	C	4.05E-05
8	29301904	A	G	8.41E-06
8	29319542	C	A	3.55E-05
8	29319771	A	G	2.95E-05
8	29319875	A	G	2.61E-05
8	29320276	A	G	4.11E-05
8	29320563	C	CT	4.51E-05
8	29321472	C	A	3.16E-05
8	29332371	A	T	1.65E-05
8	29347196	T	A	3.60E-05
8	29348178	T	A	4.28E-05
8	37508659	C	T	2.40E-06
8	37516204	C	A	2.56E-06
8	37564212	A	T	1.47E-05
8	52604875	CTATTAAATTATTTGAA	C	6.29E-05
8	52640245	T	A	1.70E-05
8	52641886	C	CA	2.40E-05
8	52641892	A	G	5.01E-05
8	52642776	T	TATG	2.69E-06
8	52727071	C	T	4.36E-05
8	52761221	A	AT	4.36E-05
8	52818067	C	T	3.06E-05
8	54402004	A	C	5.04E-05
8	71460427	C	T	1.95E-05
8	71462435	T	A	3.65E-05
8	71463099	T	C	5.63E-05
8	73889776	A	G	7.93E-06
8	74268198	T	C	2.50E-05
8	74268281	A	C	6.50E-05
8	75855004	C	T	1.46E-05
8	75857876	G	C	1.05E-05
8	75858822	G	A	1.78E-05
8	83824493	C	T	3.98E-05
8	93030411	G	T	4.11E-05
8	100745404	C	T	4.16E-05
8	107693527	A	G	5.70E-06
8	107699128	A	T	6.11E-06
8	107952560	G	C	1.55E-05
8	112339267	C	A	7.52E-05
8	112342973	A	G	3.94E-05
8	112498181	T	C	4.97E-05
8	112525571	G	A	6.53E-05
8	119822843	G	A	6.71E-05
8	122765897	T	A	3.87E-05
8	122789077	T	C	3.32E-05
8	122818621	G	C	3.56E-05
8	122839754	G	A	1.63E-05
8	122840265	GGGATTACA	G	8.67E-06
8	122847992	CA	C	1.04E-05
8	122848829	G	A	3.87E-05
8	129050255	C	G	1.04E-05
8	130636627	G	A	1.18E-05
8	130637181	G	T	1.16E-05
8	130639428	G	A	8.92E-06
8	130640653	A	C	1.39E-05
8	130645432	C	T	4.54E-05
8	130672168	A	C	1.97E-05
8	130674221	T	C	3.04E-05
8	130678934	C	T	1.97E-05
8	130689553	C	G	3.90E-05
8	134846615	T	TTG	3.97E-05
8	139862789	G	A	3.76E-05
8	144207738	G	T	3.78E-05
9	3110051	C	A	7.69E-05
9	24761865	T	C	3.93E-05
9	24776082	A	T	3.67E-05
9	24780722	T	C	7.47E-05
9	29261800	C	A	2.99E-05
9	31397533	TTAC	T	2.41E-05
9	75135763	C	CTG	4.25E-05
9	75138461	A	C	4.51E-05
9	75187376	T	A	6.40E-05
9	84365330	C	G	4.88E-05
9	85891999	G	A	2.71E-07
9	103485133	T	G	4.15E-05
9	106893261	A	G	3.05E-05
9	109224801	T	C	1.60E-05
9	114642985	AC	A	3.23E-05
9	123101100	C	T	3.83E-05
9	123105609	G	A	2.79E-05
9	123118462	C	T	2.80E-05
9	123131422	T	C	6.96E-06
9	123131422	T	C	9.71E-06
9	124404636	C	T	1.20E-05
9	125626635	ACACT	A	6.33E-05
9	125656355	G	A	5.44E-05
9	125657662	GTCTCGAAC	G	6.25E-05
9	125684827	T	C	2.12E-05
9	125735331	A	G	5.53E-05
9	125735763	C	T	2.31E-05
9	125765167	C	G	2.32E-05
9	125861741	A	C	2.32E-05
9	125878488	G	A	1.82E-05
9	125906306	G	A	3.70E-05
9	125918118	A	T	3.02E-05
9	125938798	C	T	5.86E-05
9	126025576	G	A	1.08E-05
9	126037252	G	A	3.55E-05
9	129627918	G	T	3.81E-05
9	132526314	G	A	1.01E-05
9	132528580	A	G	2.58E-06
9	132528884	C	T	1.02E-05
9	132531575	G	C	4.80E-06
9	132534030	C	T	8.60E-06
9	132534031	C	T	8.60E-06
9	132534032	G	T	8.60E-06
9	132534369	C	T	1.27E-05
9	133738952	G	A	3.27E-05
9	136132908	T	TC	1.27E-05
9	136139265	A	C	1.66E-05
9	136142355	A	G	2.17E-05
9	136143212	A	G	2.13E-05
9	136145118	T	C	1.98E-05
9	136145471	G	A	4.45E-05
9	136146597	T	C	3.50E-05
9	136149229	C	T	4.39E-05
9	140421819	C	T	1.15E-05
9	140802410	G	A	2.79E-06
10	2769716	T	C	2.07E-05
10	2771228	C	CT	1.12E-05
10	2775427	A	G	2.85E-05
10	4819840	C	T	3.94E-05
10	8079138	A	C	2.79E-05
10	8549870	G	T	4.10E-05
10	8549934	T	C	3.82E-05
10	9765924	C	G	1.35E-05
10	11293000	C	G	5.38E-05
10	11478633	G	A	5.25E-05
10	11489371	C	T	6.84E-05
10	15402098	T	A	3.84E-05
10	18696346	C	T	9.60E-06
10	32703807	C	G	4.34E-05
10	37277042	C	G	5.34E-05
10	54088932	C	G	5.99E-05
10	57401482	C	T	7.64E-05
10	67183668	A	T	4.68E-05
10	67183928	G	T	4.60E-05
10	75290216	G	A	2.29E-05
10	78852565	A	G	4.26E-05
10	85434536	C	T	1.91E-05
10	95093897	C	T	2.06E-05
10	95096861	A	G	2.69E-05
10	95098494	C	T	2.25E-05
10	95098644	T	C	1.82E-05
10	95099849	G	A	1.69E-05
10	95100517	A	AT	2.89E-05
10	95102221	A	G	2.22E-05
10	95105002	G	A	1.08E-05
10	95106064	C	A	2.03E-05
10	95107019	T	C	2.33E-05
10	95116029	A	C	2.74E-05
10	95117969	G	T	9.96E-06
10	95118257	A	G	1.79E-05
10	95119248	T	C	1.75E-05
10	95120755	G	A	9.44E-06
10	95124673	G	A	7.97E-06
10	95125204	A	G	7.05E-06
10	95125593	C	A	4.03E-06
10	95125610	C	T	7.74E-06
10	95125780	T	C	2.20E-06
10	99602872	A	G	7.51E-05
10	100208771	C	T	6.80E-05
10	107004564	C	T	5.91E-05
10	116570261	G	A	3.04E-05
10	120019228	C	CAGAG	6.90E-05
10	122712257	C	CA	3.03E-05
10	130541154	A	C	4.94E-06
10	130939211	A	G	3.06E-05
10	130941422	G	C	2.75E-05
10	130942659	G	T	1.72E-05
10	130942662	G	A	1.47E-05
10	130943544	T	C	1.04E-05
10	133914913	G	A	1.21E-05
11	198986	T	C	9.91E-06
11	204228	G	A	4.17E-05
11	204715	C	T	3.63E-05
11	206089	G	A	3.61E-05
11	207275	C	G	2.36E-05
11	207410	C	T	2.14E-05
11	211644	A	G	2.45E-05
11	212015	G	A	1.90E-05
11	212262	T	C	2.67E-05
11	214163	G	A	1.85E-05
11	217140	T	C	3.21E-05
11	218141	C	A	2.24E-05
11	219089	T	C	6.49E-05
11	219398	G	A	2.02E-05
11	219619	T	TA	2.40E-05
11	219700	G	GA	2.05E-05
11	219793	C	T	2.17E-05
11	219800	T	C	2.17E-05
11	220315	A	G	9.94E-06
11	220401	C	T	9.92E-06
11	221659	A	G	2.09E-05
11	225171	C	T	4.03E-05
11	225466	T	C	2.14E-05
11	229977	G	A	2.29E-05
11	230751	A	G	2.28E-05
11	230862	A	G	2.59E-05
11	231758	G	A	2.59E-05
11	234102	T	C	2.51E-05
11	235894	T	G	2.74E-05
11	236811	G	A	4.01E-05
11	236871	T	C	3.73E-05
11	237087	A	G	2.09E-05
11	237312	T	C	3.80E-05
11	237648	T	C	3.81E-05
11	237875	C	T	3.83E-05
11	240664	T	A	4.51E-05
11	240867	T	G	4.45E-05
11	240868	A	G	4.45E-05
11	242624	T	A	4.83E-05
11	243017	ATC	A	5.18E-05
11	243092	A	C	5.05E-05
11	243093	T	C	5.04E-05
11	243185	A	G	5.05E-05
11	243211	A	G	5.06E-05
11	243557	G	A	5.08E-05
11	243672	G	A	5.07E-05
11	243712	A	G	5.07E-05
11	243853	G	A	5.08E-05
11	243987	G	A	5.08E-05
11	244106	A	G	5.08E-05
11	244108	A	G	5.08E-05
11	244115	G	A	5.06E-05
11	244129	C	T	5.94E-05
11	244141	G	A	5.37E-05
11	244167	C	T	5.08E-05
11	244171	T	C	5.76E-05
11	244197	T	C	5.08E-05
11	244414	C	T	5.09E-05
11	1236164	A	G	4.19E-05
11	2896128	A	G	6.40E-05
11	2898412	GT	G	1.83E-05
11	2898583	A	G	1.42E-05
11	2898583	A	G	3.50E-05
11	2900024	G	A	1.97E-05
11	2900383	C	G	7.51E-05
11	2900418	T	C	7.01E-05
11	2902105	C	T	5.67E-06
11	2903718	C	T	3.19E-06
11	3108535	C	T	1.39E-05
11	14151007	TC	T	4.16E-05
11	20639893	G	A	1.12E-05
11	59836438	T	A	2.88E-05
11	64672351	G	A	6.29E-05
11	64673438	A	T	6.54E-05
11	65303071	A	G	1.03E-05
11	67749703	T	A	2.79E-05
11	79546590	G	T	3.88E-05
11	82278975	C	T	3.69E-05
11	90496384	G	A	4.78E-05
11	90569259	G	T	1.12E-05
11	94530795	C	T	2.80E-05
11	94542837	A	G	6.50E-05
11	95193483	G	C	4.61E-05
11	97313497	A	C	5.98E-05
11	117997343	A	C	3.52E-05
11	123076792	C	G	1.12E-05
11	130722789	C	T	4.40E-06
11	130723452	G	A	5.11E-06
11	130725109	G	C	2.43E-06
11	130726680	A	G	8.50E-06
11	130727212	C	G	5.98E-06
11	130727507	C	T	7.45E-06
11	130728056	A	AT	3.89E-06
11	130729486	C	T	6.32E-06
11	130729705	T	C	6.54E-06
11	130729772	T	C	6.17E-06
11	130730380	A	G	2.39E-05
11	130730497	G	A	8.42E-06
11	130730528	T	C	6.75E-06
11	130730544	G	A	6.86E-06
11	130730648	A	G	5.62E-06
11	130730871	C	T	6.28E-06
11	130731081	A	G	5.59E-06
11	130731424	T	G	1.08E-05
11	130731425	T	C	1.05E-05
11	130731518	CCTT	C	4.01E-05
11	130744268	A	C	4.19E-05
11	130746130	T	TCCAG	1.71E-05
11	133874656	G	A	2.65E-05
11	133874712	T	C	2.31E-05
11	133875078	C	T	3.07E-05
11	133875360	C	T	2.65E-05
11	133876104	C	T	1.41E-05
11	133876162	C	A	1.90E-05
11	133876350	T	G	2.13E-05
11	133876884	C	G	1.75E-05
11	133876892	A	G	1.56E-05
11	133879180	C	A	1.41E-05
11	133879612	G	T	1.61E-05
11	133879623	C	T	1.65E-05
11	133879683	C	T	1.65E-05
11	133879714	C	T	1.82E-05
11	133881446	C	T	9.67E-06
11	133882138	A	G	7.24E-06
11	133882921	A	G	3.66E-05
11	133883070	G	T	2.44E-05
11	133884019	G	T	4.31E-05
12	5040562	A	AC	2.52E-05
12	9101453	G	T	3.97E-05
12	9741992	C	G	3.51E-05
12	9763135	G	C	1.99E-05
12	10107951	G	T	2.04E-05
12	12389489	ACTAT	A	7.05E-05
12	18255328	C	T	1.21E-05
12	26066790	C	T	3.22E-05
12	28825291	C	T	4.93E-05
12	28831976	A	T	6.72E-06
12	28890546	A	G	5.38E-05
12	28974979	G	A	6.07E-06
12	31392117	C	T	1.20E-05
12	41880909	A	C	5.70E-05
12	41883096	A	C	6.18E-05
12	41885680	C	T	5.60E-05
12	41886146	G	A	6.20E-05
12	41887940	C	T	6.25E-05
12	41889164	T	A	6.28E-05
12	41897860	T	C	6.75E-05
12	42419825	C	T	8.08E-06
12	42443283	C	T	1.84E-05
12	58267346	C	A	5.89E-05
12	62242686	G	A	3.52E-05
12	62327032	T	C	1.53E-05
12	69118716	A	G	4.40E-05
12	74629632	A	C	4.82E-05
12	77131457	C	T	4.24E-05
12	84126068	T	C	2.83E-06
12	93186929	A	G	6.80E-05
12	101889413	T	C	2.27E-05
12	116391621	T	TA	9.54E-06
12	116964017	A	G	1.21E-05
12	119672728	T	A	2.62E-05
12	119672728	T	A	3.31E-07
12	121840239	G	T	4.71E-05
12	121850939	CT	C	3.71E-05
12	121883027	C	T	2.77E-05
12	121943816	C	T	6.13E-05
12	127535009	GT	G	4.43E-05
13	21394464	A	C	1.91E-05
13	33972541	A	G	5.49E-06
13	33973008	C	T	2.22E-05
13	33973109	A	C	1.89E-05
13	40555923	A	G	1.31E-06
13	40643216	C	T	8.74E-06
13	40648712	G	A	3.21E-05
13	42333099	T	A	7.72E-06
13	42395798	G	A	1.94E-05
13	42427944	G	A	4.29E-05
13	42604984	C	A	3.54E-05
13	45057011	C	CTAA	2.92E-05
13	51050272	C	A	4.15E-05
13	53505033	C	T	1.90E-05
13	70896728	T	C	2.08E-05
13	84773013	G	T	3.25E-05
13	84850464	C	T	3.96E-06
13	84855827	T	C	4.91E-06
13	84874451	T	G	1.32E-06
13	84890246	A	T	2.18E-06
13	84896530	A	G	2.37E-06
13	91087608	A	G	4.32E-06
13	91088729	A	T	2.30E-06
13	91090534	G	A	5.72E-06
13	91115087	AGTT	A	1.46E-05
13	91119069	A	AT	2.64E-05
13	91445411	C	T	3.14E-05
13	91454107	G	A	2.28E-05
13	91482295	A	T	2.22E-05
13	91484627	T	C	1.23E-05
13	112987380	G	A	5.84E-05
13	112988322	T	A	6.52E-05
13	112988594	C	T	4.25E-05
13	113006942	C	T	3.77E-05
13	113006995	T	A	3.09E-05
13	113007145	C	T	3.69E-05
13	113007205	A	G	3.53E-05
13	113007351	A	G	3.57E-05
13	113007610	T	G	1.44E-05
13	113007676	G	A	1.42E-05
13	113007771	A	G	2.28E-05
13	113007789	G	A	1.67E-05
13	113007795	G	A	4.78E-05
13	113008064	T	C	1.54E-05
13	113008108	G	C	1.80E-05
13	113008571	C	T	1.79E-05
13	113008618	C	T	1.78E-05
13	113009002	C	T	1.59E-05
13	113009116	C	T	2.71E-05
13	113009163	T	C	2.73E-05
13	113009196	G	C	1.77E-05
13	113009481	G	A	1.83E-05
13	113009788	C	G	2.16E-05
13	113009863	C	T	2.21E-05
13	113010431	C	T	2.47E-05
13	113010437	A	T	2.05E-05
13	113010674	C	T	2.00E-05
13	113010811	A	T	1.98E-05
13	113011259	G	A	7.52E-05
13	113011964	G	C	7.22E-05
13	113011982	C	T	1.97E-05
13	113012177	G	A	2.02E-05
13	113013721	C	T	2.50E-05
13	113014454	G	A	3.56E-05
13	113016983	C	T	3.70E-05
13	113520691	C	T	5.95E-07
14	21402183	C	A	1.57E-05
14	22968854	T	C	6.03E-05
14	25551501	T	TAACTA	4.55E-05
14	38577301	T	C	5.02E-06
14	42250074	A	G	3.75E-05
14	44398179	G	A	3.20E-05
14	44489909	G	T	2.48E-05
14	48414853	C	T	3.67E-05
14	53071965	G	T	1.02E-05
14	53074714	G	T	1.01E-05
14	53083524	A	T	8.96E-06
14	53091359	C	T	9.74E-06
14	53094595	G	A	8.31E-06
14	53105782	A	T	8.90E-06
14	53106973	G	GGAA	8.41E-06
14	53107682	G	A	8.41E-06
14	53110030	ATCC	A	1.45E-05
14	53115171	A	C	9.64E-06
14	53115282	T	A	9.68E-06
14	53115398	C	T	1.13E-05
14	53121020	A	T	1.25E-05
14	53121912	A	G	1.24E-05
14	53123258	G	A	1.24E-05
14	53124807	C	T	1.20E-05
14	53128579	C	CT	1.09E-05
14	53128862	A	T	1.20E-05
14	53128917	T	C	1.20E-05
14	53129388	A	G	1.20E-05
14	53129421	G	T	1.20E-05
14	53129847	G	A	1.24E-05
14	53131460	AGTGCAGTG	A	1.22E-05
14	53131890	T	C	1.17E-05
14	53132352	C	CA	1.25E-05
14	53132545	T	C	1.16E-05
14	53132817	A	T	1.14E-05
14	53132847	G	T	1.28E-05
14	53136639	A	G	1.11E-05
14	53143695	G	C	1.12E-05
14	53144758	C	T	1.56E-05
14	53147143	T	C	1.08E-05
14	53147745	T	C	1.08E-05
14	53148552	G	A	1.08E-05
14	53149385	G	A	1.30E-05
14	53149387	G	A	1.29E-05
14	53149407	A	G	1.37E-05
14	53150021	AAG	A	1.30E-05
14	53150082	C	T	1.06E-05
14	53150297	A	G	1.07E-05
14	53150374	T	C	1.06E-05
14	53150695	G	C	1.08E-05
14	53151865	G	A	1.11E-05
14	53153283	ATGGTAGAT	A	1.01E-05
14	53154350	G	A	1.27E-05
14	53321477	C	T	4.85E-05
14	69064102	T	C	4.47E-05
14	72268994	T	C	2.93E-05
14	74302852	CT	C	6.60E-05
14	74415553	G	A	7.51E-05
14	74416665	T	C	7.51E-05
14	74417609	T	C	7.47E-05
14	74426375	C	T	5.55E-05
14	74432158	G	A	5.66E-05
14	74439895	C	T	5.55E-05
14	74440119	A	G	5.54E-05
14	74447383	G	C	5.52E-05
14	74447785	G	C	5.54E-05
14	74450764	CTT	C	6.58E-05
14	74451938	A	G	5.54E-05
14	74452495	G	C	5.54E-05
14	74455219	G	C	5.52E-05
14	74455772	G	A	6.49E-05
14	74456266	G	T	6.01E-05
14	74456996	C	G	5.52E-05
14	74457214	T	C	5.62E-05
14	74461117	T	A	6.25E-05
14	74461121	C	T	6.25E-05
14	74462868	C	T	5.85E-05
14	74463560	C	T	4.47E-05
14	74465756	T	A	4.45E-05
14	74467222	G	A	4.34E-05
14	74467250	G	A	4.34E-05
14	74467449	C	A	4.34E-05
14	74467531	G	A	4.34E-05
14	74467757	G	A	4.35E-05
14	74467839	T	C	4.36E-05
14	74468643	T	C	4.33E-05
14	74469480	A	T	4.23E-05
14	74471016	A	G	4.09E-05
14	74471267	T	C	4.06E-05
14	74471377	C	T	4.05E-05
14	74472197	C	A	3.99E-05
14	74472979	C	T	7.47E-05
14	74473170	C	T	4.50E-05
14	74473413	T	C	3.97E-05
14	74473578	C	A	3.95E-05
14	74474396	T	C	2.74E-05
14	74474856	T	A	6.46E-05
14	74475856	CAGA	C	2.61E-05
14	74476623	T	C	3.29E-05
14	74477284	A	G	3.29E-05
14	74480070	C	A	3.29E-05
14	74481068	A	G	3.29E-05
14	74482948	A	G	3.29E-05
14	74483615	C	T	3.29E-05
14	74483975	C	T	3.30E-05
14	74484670	A	G	3.29E-05
14	74485382	C	T	3.29E-05
14	74487270	G	A	3.29E-05
14	74487521	G	A	3.29E-05
14	74487592	A	G	3.29E-05
14	74491121	G	C	3.32E-05
14	74492974	A	G	3.32E-05
14	74497463	G	A	3.27E-05
14	74498053	C	T	3.18E-05
14	77418193	C	T	3.34E-06
14	77421660	T	C	2.56E-05
14	80783739	TTCTTG	T	2.89E-06
14	82003112	G	A	3.22E-05
14	90953608	C	T	4.09E-05
14	92841686	C	T	5.33E-05
14	92841935	G	T	5.58E-05
14	92843276	C	G	6.53E-05
14	92843953	A	T	5.67E-05
14	92844602	C	T	6.29E-05
14	92845631	A	G	6.21E-05
14	95584796	C	T	2.88E-05
14	98916700	G	A	1.54E-05
14	103865893	G	A	3.56E-05
15	47495476	G	T	4.29E-05
15	47498613	C	G	4.03E-05
15	47505263	GT	G	3.38E-05
15	47508117	C	CA	4.45E-05
15	47516362	G	GA	2.94E-05
15	47524952	CTT	C	2.13E-05
15	47545932	A	G	2.04E-05
15	47547406	A	G	1.21E-05
15	47549084	A	G	2.58E-05
15	47549514	A	T	2.36E-05
15	47551054	A	T	2.32E-05
15	47553048	A	T	1.69E-05
15	47554562	G	A	2.56E-05
15	47556977	T	G	3.27E-05
15	47559691	A	G	4.14E-05
15	61137713	G	A	2.76E-05
15	78773908	C	T	2.11E-05
16	2374394	G	A	6.25E-05
16	6312851	G	C	3.07E-05
16	6314758	C	T	1.43E-05
16	6314858	A	G	3.73E-05
16	6322378	C	G	5.47E-05
16	16343293	G	A	5.33E-06
16	24955507	G	A	2.57E-05
16	26576741	C	G	1.03E-05
16	26579858	G	A	3.95E-05
16	26580439	T	C	1.84E-05
16	26580557	T	A	2.97E-05
16	26581473	G	T	8.49E-06
16	26581884	G	A	3.49E-05
16	26582007	A	C	3.48E-05
16	26583549	G	A	1.10E-05
16	26584480	G	A	1.18E-05
16	26584946	A	T	1.89E-05
16	26585416	G	C	1.13E-05
16	26585926	G	A	8.13E-06
16	26587143	T	TA	3.43E-05
16	26589053	T	TA	5.39E-06
16	49691925	T	C	4.36E-05
16	57670048	C	T	5.21E-06
16	57670947	G	A	8.82E-06
16	57677099	C	T	2.63E-05
16	68859029	A	T	1.41E-05
16	75010832	G	C	8.84E-06
16	78012757	C	T	1.26E-05
16	80340639	T	C	1.50E-05
16	81420524	C	CT	7.50E-05
16	81420529	A	G	5.18E-05
16	82902730	C	T	5.14E-05
16	83410198	C	T	3.63E-05
16	83930081	C	G	1.42E-05
16	85303103	G	A	5.57E-05
17	1215423	C	T	6.63E-05
17	1273614	G	A	3.11E-06
17	2752568	C	T	4.05E-06
17	3086742	C	T	7.67E-05
17	3087812	C	T	6.59E-05
17	3088385	C	T	6.88E-05
17	3094839	G	GA	4.18E-05
17	3396716	G	A	3.49E-05
17	9157694	C	T	2.97E-05
17	13267123	G	A	2.95E-05
17	14588346	C	T	2.80E-05
17	21553008	C	A	1.63E-05
17	21553008	C	A	3.10E-05
17	21690436	G	A	6.87E-05
17	28144819	AG	A	3.76E-05
17	28441213	C	T	4.24E-06
17	29737612	G	A	1.64E-05
17	29857683	G	A	3.91E-06
17	29893223	C	T	4.07E-05
17	38882282	C	T	1.24E-05
17	39347770	G	A	3.05E-05
17	42081870	T	C	5.05E-05
17	42107113	C	T	7.50E-05
17	42959949	G	A	3.01E-05
17	43197662	C	G	2.63E-05
17	43940979	A	AGGTT	5.50E-05
17	53371843	T	G	3.64E-05
17	53400569	C	A	3.87E-05
17	65415878	C	T	3.10E-05
17	67348029	C	T	4.43E-05
17	67355937	G	A	2.90E-05
17	67360894	G	T	2.91E-05
17	75544012	G	A	3.01E-05
17	76479163	T	C	6.95E-05
17	76479389	A	G	6.85E-05
17	76479449	C	T	6.88E-05
17	76479468	T	G	6.87E-05
17	76479477	C	T	6.87E-05
17	76479530	A	G	6.96E-05
17	76479781	A	G	7.69E-05
17	76479783	T	A	7.00E-05
17	76479822	A	G	7.08E-05
17	76479830	T	C	7.06E-05
17	76480045	G	C	7.19E-05
17	76480265	T	C	4.94E-05
17	76480349	G	C	5.23E-05
17	76480411	A	C	2.85E-05
18	619481	T	A	3.74E-05
18	4324878	G	A	2.76E-05
18	5204070	C	T	4.05E-05
18	7029084	T	C	3.85E-05
18	7029115	T	C	3.20E-05
18	7029206	T	C	3.41E-05
18	7033843	C	T	4.31E-05
18	7034056	C	T	4.24E-05
18	7034144	C	G	4.48E-05
18	7034354	A	T	4.11E-05
18	7034448	G	A	4.29E-05
18	7034464	T	A	4.08E-05
18	10648064	C	T	4.16E-05
18	10648358	G	A	3.54E-05
18	10648402	T	C	1.57E-05
18	10648952	G	A	4.80E-05
18	10649094	G	A	4.78E-05
18	10649124	G	A	4.69E-05
18	10649422	A	G	4.53E-05
18	10649436	A	C	1.81E-05
18	10649484	T	C	4.58E-05
18	10649506	A	T	4.58E-05
18	10649809	A	T	3.46E-05
18	10649934	G	A	4.25E-05
18	10650043	C	G	4.26E-05
18	10650167	G	A	4.04E-05
18	10650475	T	C	3.82E-05
18	10650492	C	T	3.81E-05
18	10650579	C	A	2.97E-05
18	10650644	C	T	3.30E-05
18	10650652	C	T	3.27E-05
18	10650768	G	C	4.24E-05
18	10650799	C	A	3.73E-05
18	10650925	A	T	3.93E-05
18	10651080	C	T	3.88E-05
18	10651491	A	T	2.89E-05
18	10651620	C	T	3.62E-05
18	10651692	A	G	3.84E-05
18	10651739	C	T	3.65E-05
18	10651753	C	T	1.83E-05
18	10651758	G	A	2.00E-05
18	10651837	G	A	1.40E-05
18	10652029	C	G	3.25E-05
18	10652047	A	G	3.24E-05
18	10652491	A	G	3.82E-05
18	10652540	C	T	3.87E-05
18	10652608	G	A	3.66E-05
18	10652862	C	T	3.31E-05
18	10652912	C	T	3.32E-05
18	10654792	G	T	3.06E-05
18	10655046	AC	A	3.56E-05
18	10655372	T	G	3.69E-05
18	10655917	G	A	3.58E-05
18	10655956	G	A	3.57E-05
18	10656023	G	A	2.44E-05
18	10656029	G	A	9.24E-06
18	10656031	A	G	9.27E-06
18	14330856	G	C	4.88E-05
18	14352869	T	C	5.23E-05
18	23597811	T	C	3.40E-05
18	26111548	C	T	1.79E-05
18	29702768	C	T	3.50E-05
18	30817230	G	A	6.86E-05
18	32138961	T	C	1.53E-05
18	34378022	G	A	7.14E-05
18	34803070	G	A	6.84E-05
18	44028313	C	T	7.13E-05
18	47218121	A	G	4.22E-05
18	49485447	T	A	4.29E-06
18	59747387	C	T	7.73E-06
18	67251265	A	AC	4.90E-05
18	69057628	C	T	2.54E-05
18	69415740	T	G	1.72E-06
18	69417582	T	C	1.52E-05
18	69418242	A	G	1.52E-05
18	69418494	G	A	1.48E-05
18	69418956	T	C	7.45E-06
18	69419255	A	G	6.26E-06
18	69419932	G	T	1.37E-05
18	69420196	A	G	1.66E-05
18	69420411	T	C	1.87E-05
18	69420460	G	A	1.61E-05
18	69420536	C	A	1.51E-05
18	69420617	CAT	C	9.66E-07
18	69420922	T	C	4.06E-05
18	69421091	C	A	1.34E-05
18	69421103	T	G	2.57E-05
18	69421641	G	T	1.84E-05
18	69421646	T	C	1.84E-05
18	69421744	C	A	1.09E-05
18	69421881	C	T	1.58E-05
18	69422705	G	A	1.48E-05
18	69423045	T	TAA	1.43E-06
18	69423208	T	C	1.30E-05
18	69423653	G	T	1.38E-05
18	69423719	A	C	1.30E-05
18	69423887	T	C	1.35E-05
18	69424240	G	C	1.34E-05
18	69424287	G	A	1.37E-05
18	69424487	G	A	2.62E-05
18	69424728	T	A	1.03E-05
18	69424741	A	C	1.62E-05
18	69424764	C	T	1.74E-05
18	69424902	A	G	2.41E-05
18	69424918	GA	G	2.54E-05
18	69424928	C	CT	3.20E-05
18	69424958	C	A	1.48E-05
18	69424970	A	G	1.67E-05
18	69425233	A	G	2.06E-05
18	69425841	A	C	2.06E-05
18	69425949	C	T	2.05E-05
18	69426301	G	A	2.40E-05
18	69427258	T	G	1.66E-05
18	69427779	C	A	1.38E-05
18	69428244	C	G	1.56E-05
18	69429930	G	A	1.12E-05
18	69429936	C	T	1.53E-05
18	69430267	G	A	1.18E-05
18	69430713	G	A	1.18E-05
18	69430884	A	G	1.22E-05
18	69430942	G	A	4.08E-05
18	69430950	A	G	1.94E-05
18	69431988	T	G	1.13E-05
18	69432719	C	T	2.08E-05
18	69434141	A	G	2.11E-05
18	69434372	T	C	1.50E-05
18	69435999	G	C	1.77E-05
18	69436901	ATAAAGACT	A	2.54E-06
18	69437091	G	A	3.98E-05
18	69437899	A	G	9.21E-06
18	69438072	C	G	2.02E-05
18	69443200	A	T	1.42E-05
18	74387851	C	A	2.36E-05
19	954701	T	C	6.49E-06
19	4703224	C	T	3.44E-05
19	4717672	A	G	1.07E-05
19	4723670	C	A	3.67E-05
19	4775115	C	T	7.51E-05
19	46292564	C	T	1.50E-05
19	48470082	T	C	4.09E-05
19	48470094	G	A	3.31E-05
19	48470097	C	G	3.32E-05
19	48470221	G	A	4.34E-05
19	48470387	T	C	4.28E-05
19	48471109	T	A	5.31E-05
19	48471422	G	A	5.13E-05
19	48473236	TGAGA	T	2.03E-05
19	48476964	G	A	1.53E-05
19	53843047	G	A	1.76E-05
19	53844302	G	A	3.47E-05
19	53847115	C	T	2.15E-05
19	58095943	G	A	9.51E-06
20	536536	T	G	3.77E-06
20	1012798	G	A	3.01E-06
20	1198512	A	C	3.32E-05
20	3649431	A	G	4.37E-05
20	15388617	C	T	1.96E-05
20	15599172	C	A	6.43E-05
20	15791728	A	G	4.29E-05
20	19105169	G	A	7.04E-06
20	35718397	G	T	3.64E-06
20	38734450	A	G	6.92E-05
20	38737745	T	C	5.42E-05
20	38737984	G	T	7.43E-05
20	38739756	A	G	5.34E-05
20	38739990	T	C	5.85E-05
20	38741267	A	G	4.32E-05
20	38746712	G	GA	2.94E-05
20	38746731	A	G	5.53E-05
20	38751231	G	T	2.22E-05
20	38751252	A	C	2.84E-05
20	38751374	G	A	2.29E-05
20	38754618	A	G	3.64E-05
20	38755411	A	C	3.68E-05
20	38760327	T	C	9.81E-06
20	47365805	T	C	2.22E-05
20	47384301	C	A	2.25E-05
20	49954756	A	G	5.77E-05
20	52510060	C	T	2.72E-05
20	55018156	T	G	1.77E-05
20	62330618	C	T	1.47E-05
20	62475866	C	T	1.06E-05
21	19860810	A	G	3.49E-05
21	19895640	T	C	3.80E-05
21	21985206	A	G	5.35E-05
21	33669833	G	T	6.29E-06
21	33669834	C	T	6.52E-06
21	34589811	A	G	1.03E-05
21	34590623	A	G	1.10E-05
21	34593150	T	G	8.64E-06
21	34593673	T	A	4.48E-05
21	34593710	T	A	8.36E-06
21	34596750	C	T	8.16E-06
21	34599084	G	A	8.96E-06
21	34600508	G	T	1.07E-05
21	34602305	C	A	1.36E-06
21	34602934	T	C	8.68E-07
21	34603249	C	G	9.73E-07
21	34604557	G	A	9.69E-07
21	34604959	T	TAA	2.10E-05
21	34605778	C	T	5.67E-06
21	34606634	A	C	1.01E-05
21	34606972	GGGTTTGTCT	G	1.33E-05
21	34607436	G	A	1.35E-06
21	34607870	C	G	4.65E-06
21	34609505	G	A	4.82E-06
21	34609944	A	G	1.09E-06
21	34611318	C	T	7.00E-06
21	34611545	T	C	4.73E-06
21	34611571	C	G	1.13E-06
21	34611730	C	T	4.94E-06
21	34613301	A	G	1.18E-06
21	34613935	A	AT	3.53E-05
21	34614255	T	G	1.12E-06
21	34614834	G	A	7.17E-07
21	34614987	G	C	2.13E-06
21	34615210	T	C	1.05E-06
21	34616545	A	G	3.75E-06
21	34616923	C	A	8.55E-07
21	34617213	T	C	8.49E-07
21	34617729	A	G	1.26E-06
21	34617950	A	T	1.27E-06
21	34618043	A	T	5.74E-06
21	34618313	A	G	5.79E-06
21	34619445	A	G	1.61E-06
21	34620207	C	T	1.44E-06
21	34620451	G	A	1.58E-06
21	34624917	A	G	6.84E-06
21	34625413	A	G	3.92E-06
21	34626854	C	T	2.44E-06
21	34626855	A	G	2.45E-05
21	34627774	C	G	3.56E-06
21	34629175	A	G	5.17E-06
21	34631133	A	G	4.07E-06
21	34632241	C	T	3.62E-05
21	34632316	T	C	3.70E-06
21	34634045	C	G	5.64E-06
21	34634878	G	A	3.55E-06
21	34635053	G	GT	8.19E-06
21	36380921	A	G	1.09E-05
21	36643909	A	C	6.05E-05
21	36698953	T	C	1.56E-05
21	37347457	C	T	2.01E-06
21	37416709	G	A	5.75E-05
21	38291979	C	T	3.24E-05
21	38650500	G	A	3.91E-06
21	41075977	A	G	4.39E-05
21	42277973	C	T	3.96E-05
21	42366630	C	T	2.86E-05
21	45914028	C	T	6.83E-05
22	22555158	C	T	6.29E-05
22	24799993	A	G	1.99E-05
22	37623912	G	A	4.89E-05
22	38104705	A	T	2.59E-05
22	38105810	C	T	2.35E-05
22	38105981	C	T	2.33E-05
22	38106259	A	T	2.42E-05
22	38106743	G	GC	1.06E-05
22	38110450	C	T	2.19E-05
22	38113067	T	C	1.31E-05
22	38114219	C	T	1.53E-05
22	38114503	C	T	1.29E-05
22	38117943	T	C	1.52E-05
22	38118805	A	C	6.21E-06
22	38119213	G	A	9.75E-06
22	38130385	A	C	2.28E-05
22	49528017	G	A	5.27E-05
22	51153840	G	T	2.91E-05
